,Strategy_Return,60_40_Return,BuyHold_Return,Strategy_MaxDD,60_40_MaxDD,BuyHold_MaxDD,Dominant_Asset,N_Switches,Lead_Weeks,N_Weeks
COVID_crash,-0.04573029390541894,-0.10382831777790591,-0.1581833027528633,-0.12074706745887473,-0.21468884956380596,-0.27722049916020153,GOLD,3,0,9
COVID_recovery,0.25751204331826694,0.26382718902985847,0.3960333036891661,-0.09097113230721655,-0.037420217931060464,-0.060532304691275546,LEVERED_EQUITY,6,8,37
Reflation_2021,0.16900373787404055,0.05229432545410484,0.1107268622032751,-0.03482936483659238,-0.023468387407136655,-0.02327934172434194,LEVERED_EQUITY,0,0,16
